url,sku
http://www.dotandbo.com/collections/modern-log-cabin/wood-stump-clock,HPC0002
http://www.dotandbo.com/collections/small-and-striking/canvas-tote-laundry-bag-orange,KLL0020-org
http://www.dotandbo.com/collections/seasonal-style-haute-halloween/romantic-candelabra,HPC0015
http://www.dotandbo.com/collections/the-french-quarter/sweet-william-chair-mellow-yellow-1,EEI0060-beige
http://www.dotandbo.com/category/furniture/chairs/accent-chairs/ant-chair-natural,EEI0026-ntl
http://www.dotandbo.com/category/furniture/chairs/accent-chairs/shapes-chair,EEI0078-wht
http://www.dotandbo.com/collections/gifts-under-25-dollars/hannas-dish-towels-set-of-2,SAG0052
http://www.dotandbo.com/collections/top-secret/an-extra-cat-iron-hand,KLL0141
http://www.dotandbo.com/collections/encore-modern-vermont-cabin/wwii-gunsling-leather-key-latch,PGA0017
http://www.dotandbo.com/collections/2015-trendwatch-cool-it-with-marble/gray-stacking-slope-chair,DBI0004-gray
http://www.dotandbo.com/collections/encore-the-mid-century-office/gray-office-slope-chair,DBI0005-gray
http://www.dotandbo.com/collections/cyber-monday-sale-slope-chairs/gray-classroom-slope-chair-beech,DBI0008-gray
http://www.dotandbo.com/collections/chiaroscuro/black-classroom-slope-chair-beech,DBI0008-blk
http://www.dotandbo.com/collections/cyber-monday-sale-slope-chairs/yellow-classroom-slope-chair-beech,DBI0008-ylw
http://www.dotandbo.com/collections/architects-workspace/white-barstool-slope-chair-natural,DBI0010-wht
http://www.dotandbo.com/collections/architects-workspace/gray-barstool-slope-chair-natural,DBI0010-gray
http://www.dotandbo.com/collections/architects-workspace/black-barstool-slope-chair-natural,DBI0010-blk
http://www.dotandbo.com/collections/cyber-monday-sale-slope-chairs/fuschia-barstool-slope-chair-natural,DBI0010-fsh
http://www.dotandbo.com/collections/cyber-monday-sale-slope-chairs/teal-barstool-slope-chair-natural,DBI0010-tea
http://www.dotandbo.com/collections/cyber-monday-sale-slope-chairs/aqua-barstool-slope-chair-natural,DBI0010-tqu
http://www.dotandbo.com/collections/cyber-monday-sale-slope-chairs/yellow-barstool-slope-chair-natural,DBI0010-ylw
http://www.dotandbo.com/collections/retro-modern-kitchen/orange-barstool-slope-chair-natural,DBI0010-org
http://www.dotandbo.com/collections/cyber-monday-sale-arm-chairs/red-square-arm-chair-beech,DBI0017-red
http://www.dotandbo.com/collections/dream-house-palm-beach/teal-square-arm-chair-beech,DBI0017-tea
http://www.dotandbo.com/collections/cyber-monday-sale-arm-chairs/aqua-square-arm-chair-beech,DBI0017-tqu
http://www.dotandbo.com/collections/cyber-monday-sale-arm-chairs/yellow-square-arm-chair-beech,DBI0017-ylw
http://www.dotandbo.com/collections/dream-house-palm-beach/orange-square-arm-chair-beech,DBI0017-org
http://www.dotandbo.com,DBI0018-wht
http://www.dotandbo.com,DBI0018-crm
http://www.dotandbo.com,DBI0018-gray
http://www.dotandbo.com,DBI0018-blk
http://www.dotandbo.com,DBI0018-fsh
http://www.dotandbo.com,DBI0018-red
http://www.dotandbo.com,DBI0018-tea
http://www.dotandbo.com,DBI0018-tqu
http://www.dotandbo.com,DBI0018-mus
http://www.dotandbo.com,DBI0018-ylw
http://www.dotandbo.com,DBI0018-org
http://www.dotandbo.com/collections/gifts-for-dad/learn-to-bookbind-kit,PGA0020
http://www.dotandbo.com/collections/origins-60s-mod/swanky-sofa-blue,EEI0100-blu
http://www.dotandbo.com/category/furniture/tables/dining-tables/prism-dining-table,EEI0164
http://www.dotandbo.com/collections/year-of-industrial-living/russell-mirror,CCO0368
http://www.dotandbo.com/collections/atomic-road-trip/open-up-marquee,TRB0005
http://www.dotandbo.com/collections/atomic-road-trip/route-66-marquee-sign,TRB0006
http://www.dotandbo.com/collections/top-secret/barfly-marquee,TRB0010
http://www.dotandbo.com/collections/playlist-california-dreamin/i-luv-ca-marquee-sign,TRB0008
http://www.dotandbo.com/collections/scandinavian-christmas/vintage-inspired-joyful-marquee,TRB0012
http://www.dotandbo.com/collections/in-style-retro-dreaming/snailed-it-keepsake-box,SML0047
http://www.dotandbo.com/collections/motor-city-revival/eight-ball-marquee-sign,TRB0015
http://www.dotandbo.com/collections/atomic-road-trip/usa-map-marquee-sign,TRB0016
http://www.dotandbo.com/collections/global-style-is-in-your-hands/happy-buddha-figurine,THH0022
http://www.dotandbo.com/collections/local-flavor-sf/flight-night-wine-marquee,TRB0018
http://www.dotandbo.com/collections/playlist-california-dreamin/rustic-star-trailer-marquee,TRB0020
http://www.dotandbo.com/collections/encore-la-arts-district/star-power-sign,TRB0021
http://www.dotandbo.com/collections/stockholm-1/retro-food-storage-container,SAG0110
http://www.dotandbo.com/collections/100-best-of-2014/14309-breakfast-march-kitchen-rug,SO60651
http://www.dotandbo.com/collections/encore-the-mid-century-office/3-tier-tara-bamboo-desktop-organizer,LPI0010
url,sku
